{
  "low": 0.45909214373558993,
  "mid": 0.6546629999999999,
  "high": 0.693966,
  "alpha": 0.01
}